title,price,reviews,rating,company,customerreviews,primaryprice,brand,totalreviews
WOMEN MARKS TAN COLOR HANDBAG, 501.00,73,3.9,women marks,3.9 out of 5 stars,,women marks,73 customer reviews
women marks Girl's Hand Held Sling Bag Cream, 699.00,131,3.9,women marks,3.9 out of 5 stars,,women marks,131 customer reviews
"Women Marks Women's Hand Held Bag & Sling Bag (Nsb1066, Cream)", 999.00,221,3.9,women marks,3.9 out of 5 stars,,women marks,221 customer reviews
BFC- Buy for change Fancy Stylish Elegant Women's Cross Body Sling Bag, 375.00,194,3.1,BFC,3.1 out of 5 stars,,BFC,194 customer reviews
Mammon Women Handbag and Sling Bag Combo, 441.00,63,3.4,Mammon,3.4 out of 5 stars,,Mammon,63 customer reviews
Fostelo CATLIN Women's Handbag (White),,8,4.7,Fostelo,4.7 out of 5 stars,,Fostelo,8 customer reviews
HomeStrap Handbag Organizer/Travel Storage bag/Multi Pocket/Function Bag Organizer - Blue,,23,4.2,HomeStrap,4.2 out of 5 stars,,HomeStrap,23 customer reviews
Fostelo Jane Women's Handbag (Grey),,23,3.5,Fostelo,3.5 out of 5 stars,,Fostelo,23 customer reviews
TARSHI Women's PU Green Shoulder Bag, 322.00,19,3.1,TARSHI,3.1 out of 5 stars,,TARSHI,19 customer reviews
KAWTRA Fashion Stylish Handbag, 260.00,51,3.6,KAWTRA,3.6 out of 5 stars,,KAWTRA,51 customer reviews
"Tooba Handicraft Party Wear Hand Embroidered Box Clutch Bag Purse For Bridal, Casual, Party, Wedding", 474.00,178,3.6,Tooba,3.6 out of 5 stars,,Tooba,178 customer reviews
"Fantosy Women's Handbag (FNB-127, Tan)", 599.00,151,3.6,fantosy,3.6 out of 5 stars,,fantosy,151 customer reviews
Cartstore 6 Pocket Large Clear Storage Organiser for Handbags, 359.00,1,1.0,Cartstore,1.0 out of 5 stars,,Cartstore,1 customer review
Fostelo Galaxy Women's Handbag (Grey),,3,4.6,Fostelo,4.6 out of 5 stars,,Fostelo,3 customer reviews
Shevanna Women's PU Leather Handbags For Ladies Girls &Womens …,,nan,nan,Shevanna,,,Shevanna,
SleemaFashiOn Combo Of Pu Leather Women's Handbag And Wallet Clutch, 249.00,21,3.1,Sleema Fashion,3.1 out of 5 stars,,Sleema Fashion,21 customer reviews
Caprese Brigette Women's Satchel (Emerald),,2,3.5,,3.5 out of 5 stars,,,2 customer reviews
Getko 6 Pockets Pouch Hanging Handbag Organizer Clear Purse Bag, 459.00,nan,nan,GETKO WITH DEVICE,,,GETKO WITH DEVICE,
Caprese Pia Women's Satchel (Dusty Blue)," 1,399.00",4,4.7,,4.7 out of 5 stars,,,4 customer reviews
Green Stipes Printed with Rope Handle Jute Tiffin Lunch Handbag && Jute Eco-Friendly Water Bottle Tiger Printed for Children and Women Wine Bottle Carry Bag 1 Liter Capacity (Blue_Yellow) …, 499.00,nan,nan,AGGDA,,,AGGDA,
Kathleen Kelly New York Women's Handbag (Black),,5,4.8,Kathleen Kelly New York,4.8 out of 5 stars,,Kathleen Kelly New York,5 customer reviews
