title,price,reviews,rating,company,customerreviews,primaryprice,brand,totalreviews
Redux Analogue Brown Dial Men's & Boy's Watch RWS0200S,,442,3.6,REDUX,3.6 out of 5 stars,,REDUX,442 customer reviews
Frizzer DL_N4 Smartwatch Digital Activity Tracker Band 3 Wristband with Daily Step Count | Heart Rate Monitoring Compatible with All Smartphone Device (Assorted Colour), 489.00,39,2.3,Frizzer,2.3 out of 5 stars,,Frizzer,39 customer reviews
Espoir Analog Blue Dial Men's Watch - ESP12457, 310.00,1937,3.4,Espoir,3.4 out of 5 stars,,Espoir,"1,937 customer reviews"
"D3D Littlelf Wireless IP WiFi CCTV [Watch Online Demo Right Now] Indoor Security Camera (Support Upto 128 GB SD Card) (720P, Black)",,162,4.2,D3D,4.2 out of 5 stars,,D3D,162 customer reviews
Rich Club Quartz Movement Analogue Display Multicoloured Dial Men's Watch(ARMBLK~27GREY~27SMILY) - Pack of 3, 535.00,287,3.1,Rich Club,3.1 out of 5 stars,,Rich Club,287 customer reviews
Skmei Analog-Digital Black Dial Men's Watch-1155-Blue, 465.00,335,3.6,SKMEI,3.6 out of 5 stars,,SKMEI,335 customer reviews
Essart PU Leather Supreme Watch Box for 12watches-Black, 899.00,16,4.4,Essart,4.4 out of 5 stars,,Essart,16 customer reviews
PIRASO Pack of 3 Multicolour Analog Analog Watch for Men and Boys, 625.00,244,4.1,PIRASO,4.1 out of 5 stars,,PIRASO,244 customer reviews
The Last Watchman of Old Cairo: A Novel,,1,5.0,"
                
                
                
                    
                    
                        
                        ",5.0 out of 5 stars,,"
                
                
                
                    
                    
                        
                        ",1 customer review
Fogg Analog Blue Day and Date Men's Watch 2047-BL,,90,3.5,Fogg,3.5 out of 5 stars,,Fogg,90 customer reviews
Fastrack Casual Analog Blue Dial Men's Watch -NK3124SL02," 1,470.00",287,4.0,,4.0 out of 5 stars,,,287 customer reviews
Sonata Digital Grey Dial Men's Watch -NK7982PP03, 405.00,1099,4.2,Sonata,4.2 out of 5 stars,,Sonata,"1,099 customer reviews"
"Plutofit Avengers Super Hero Transformer Robot Toy Convert into Digital Wrist Watch for Kids, Avengers Robot Deformation Watch (Captain America)", 310.00,nan,nan,plutofit,,,plutofit,
Piqancy Redmi 4G Smartwatch DZ09 (Black) Portable Bluetooth With Camera & SIM Card Support for All Android Smartphone & iOS Devise, 640.00,19,2.5,Piqancy,2.5 out of 5 stars,,Piqancy,19 customer reviews
MME Electronics Watchman Colour CCD Dome2MP 1080P HD Indoor Night Vision Dome Camera (White)," 1,499.00",nan,nan,MME,,,MME,
"Fitness Tracker Watch, HolyHigh 115U Smart Fitness Tracker Band for Men Women Kids Unisex Sports Activity Tracker Watch with Step Counter Calories Burned Sleep Monitor SMS Notification"," 1,690.00",76,3.9,HolyHigh,3.9 out of 5 stars,,HolyHigh,76 customer reviews
HEMT Brown Dial Day n Date Display Analog Watch HM-GR066-BRW-BRW, 279.00,nan,nan,HEMT,,,HEMT,
Mi Band - HRX Edition (Black)," 1,299.00",7569,3.9,Mi,3.9 out of 5 stars,,Mi,"7,569 customer reviews"
Noise Colorfit Pro Metallic Edition Smartwatch with Stainless Steel Magnetic Clasp Bracelet (Silver)," 3,999.00",21,3.5,Noise,3.5 out of 5 stars,,Noise,21 customer reviews
Deformation Watch, 499.00,20,2.8,Kiditos,2.8 out of 5 stars,,Kiditos,20 customer reviews
